participant,text
Alex,Hey
Jamie,Hi
Alex,How’s day?
Jamie,Busy.
Alex,Working?
Jamie,Yes
Alex,Same.
Jamie,Coffee break?
Alex,Good idea.
Jamie,Need rest.
Alex,Weekend plans?
Jamie,Hiking.
Alex,Nice.
Jamie,You?
Alex,Visiting family.
Jamie,Sounds fun.
Alex,Long drive.
Jamie,Good luck.
Alex,Thanks.
Jamie,Bring snacks.
Alex,Already packed.
Jamie,Great.
Alex,Weather good?
Jamie,Sunny.
Alex,Perfect.
Jamie,Enjoy.
Alex,Will do.
Jamie,Read anything?
Alex,A novel.
Jamie,Genre?
Alex,Mystery thriller.
Jamie,Intriguing.
Alex,Yes.
Jamie,Recommend?
Alex,Maybe later.
Jamie,Sure.
Alex,You reading?
Jamie,Science fiction.
Alex,Cool.
Jamie,Enjoying it.
Alex,Authors?
Jamie,New writer.
Alex,Nice.
Jamie,Songs?
Alex,Playlist playing.
Jamie,Which?
Alex,Indie rock.
Jamie,Good taste.
Alex,Thanks.
Jamie,Movie plans?
Alex,Friday night.
Jamie,Which film?
Alex,Drama.
Jamie,Enjoy.
Alex,You joining?
Jamie,Maybe busy.
Alex,Another time.
Jamie,Sure.
Alex,Cooking tonight?
Jamie,Ordering.
Alex,Lazy day.
Jamie,Same here.
Alex,Favorite dish?
Jamie,Sushi.
Alex,Delicious.
Jamie,Yours?
Alex,Pasta.
Jamie,Classic.
Alex,Yes.
Jamie,Dessert?
Alex,Ice cream.
Jamie,Flavor?
Alex,Vanilla.
Jamie,Simple.
Alex,Comfort food.
Jamie,Indeed.
Alex,Fitness routine?
Jamie,Morning runs.
Alex,Impressive.
Jamie,Slow pace.
Alex,Better than nothing.
Jamie,True.
Alex,Gym membership?
Jamie,Cancelled.
Alex,Same.
Jamie,Home workouts.
Alex,Trying.
Jamie,Motivation helps.
Alex,Sometimes lacking.
Jamie,Agreed.
Alex,Travel goals?
Jamie,Europe.
Alex,Which country?
Jamie,Italy.
Alex,Beautiful.
Jamie,Food lover.
Alex,Same.
Jamie,You?
Alex,Japan.
Jamie,Culture rich.
Alex,Exactly.
Jamie,When?
Alex,Next year.
Jamie,Exciting.
Alex,Saving up.
Jamie,Smart.
Alex,Budgeting.
Jamie,Hard sometimes.
Alex,Discipline helps.
Jamie,True.
Alex,New hobby?
Jamie,Painting.
Alex,Creative.
Jamie,Calm mind.
Alex,Send photos?
Jamie,Soon.
Alex,Can’t wait.
Jamie,You hobbies?
Alex,Gardening.
Jamie,Nice choice.
Alex,Relaxing.
Jamie,Growing herbs.
Alex,Fresh meals.
Jamie,Yum.
Alex,Do you cook?
Jamie,Occasionally.
Alex,Recipes?
Jamie,Internet finds.
Alex,Same.
Jamie,Cooking shows?
Alex,Rarely.
Jamie,Me too.
Alex,Weekend approaching.
Jamie,Excited.
Alex,Time flies.
Jamie,Always.
Alex,Busy week.
Jamie,Nonstop tasks.
Alex,Need rest.
Jamie,Soon weekend.
Alex,Plans?
Jamie,Family dinner.
Alex,Enjoy.
Jamie,Thanks.
Alex,What else?
Jamie,Maybe movies.
Alex,Good plan.
Jamie,You?
Alex,Road trip.
Jamie,Drive safe.
Alex,Will do.
Jamie,Visit places.
Alex,Scenic routes.
Jamie,Take photos.
Alex,Will share.
Jamie,Great.
Alex,Any news?
Jamie,Nothing major.
Alex,Quiet day.
Jamie,Same.
Alex,Check emails?
Jamie,Later.
Alex,Forgetful.
Jamie,Reminders help.
Alex,True.
Jamie,Do you meditate?
Alex,Occasionally.
Jamie,Helps focus.
Alex,Should try.
Jamie,Start small.
Alex,Good advice.
Jamie,Thanks.
Alex,Sleep schedule?
Jamie,Chaotic.
Alex,Fix it.
Jamie,Trying.
Alex,Avoid screens.
Jamie,Hard though.
Alex,I know.
Jamie,Baby steps.
Alex,Agreed.
Jamie,Coffee addict?
Alex,Guilty.
Jamie,Same here.
Alex,Tea also.
Jamie,Green tea.
Alex,Healthy.
Jamie,Indeed.
Alex,Running errands.
Jamie,Good luck.
Alex,Thanks.
Jamie,Talk later?
Alex,Sure.
Jamie,Bye.
Alex,Bye.
Jamie,Message soon.
Alex,Will reply.
Jamie,Take care.
Alex,You too.
Jamie,Goodbye.
Alex,See you.
Jamie,Soon.